no,衆参識別,選挙区名,division,name,family_name_kana,name_kana,birthday,age_at_election,generation,generation,sex,party,前新元識別,winnings
307,2021衆院,東北,proportional,馬場　雄基,ばば,ゆうき,10/15/92,29,20,25,男,立憲民主党,新,1
113,2021衆院,東京13区,constituency,土田　　慎,つちだ,しん,10/30/90,31,30,30,男,自民党,新,1
350,2021衆院,南関東,proportional,鈴木　　敦,すずき,あつし,12/15/88,32,30,30,男,国民民主党,新,1
290,2021衆院,北海道,proportional,鈴木　貴子,すずき,たかこ,1/5/86,35,30,35,女,自民党,現,4
26,2021衆院,秋田２区,constituency,緑川　貴士,みどりかわ,たかし,1/10/85,36,30,35,男,立憲民主党,前,2
403,2021衆院,近畿,proportional,住吉　寛紀,すみよし,ひろき,1/24/85,36,30,35,男,日本維新,新,1
406,2021衆院,近畿,proportional,遠藤　良太,えんどう,りょうた,12/19/84,36,30,35,男,日本維新,新,1
427,2021衆院,近畿,proportional,斎藤アレックス,さいとう,あれっくす,6/30/85,36,30,35,男,国民民主党,新,1
11,2021衆院,北海道11区,constituency,石川　香織,いしかわ,かおり,5/10/84,37,30,35,女,立憲民主党,前,2
171,2021衆院,愛知14区,constituency,今枝宗一郎,いまえだ,そういちろう,2/18/84,37,30,35,男,自民党,前,4
18,2021衆院,岩手３区,constituency,藤原　　崇,ふじわら,たかし,8/2/83,38,30,35,男,自民党,前,4
62,2021衆院,埼玉10区,constituency,山口　　晋,やまぐち,すすむ,7/28/83,38,30,35,男,自民党,新,1
239,2021衆院,広島７区,constituency,小林　史明,こばやし,ふみあき,4/8/83,38,30,35,男,自民党,前,4
294,2021衆院,北海道,proportional,大築　紅葉,おおつき,くれは,10/16/83,38,30,35,女,立憲民主党,新,1
339,2021衆院,南関東,proportional,中谷　一馬,なかたに,かずま,8/30/83,38,30,35,男,立憲民主党,現,2
345,2021衆院,南関東,proportional,藤巻　健太,ふじまき,けんた,10/7/83,38,30,35,男,日本維新,新,1
29,2021衆院,山形２区,constituency,鈴木　憲和,すずき,のりかず,1/30/82,39,30,35,男,自民党,前,4
40,2021衆院,茨城５区,constituency,浅野　　哲,あさの,さとし,9/25/82,39,30,35,男,国民民主党,前,2
48,2021衆院,群馬１区,constituency,中曽根康隆,なかそね,やすたか,1/19/82,39,30,35,男,自民党,前,2
174,2021衆院,三重２区,constituency,川崎　秀人,かわさき,ひでと,11/4/81,39,30,35,男,自民党,新,1
362,2021衆院,東京,proportional,阿部　　司,あべ,つかさ,6/18/82,39,30,35,男,日本維新,新,1
387,2021衆院,東海,proportional,吉川　　赳,よしかわ,たける,4/7/82,39,30,35,男,自民党,現,3
388,2021衆院,東海,proportional,山本　左近,やまもと,さこん,7/9/82,39,30,35,男,自民党,新,1
91,2021衆院,神奈川11区,constituency,小泉進次郎,こいずみ,しんじろう,4/14/81,40,40,40,男,自民党,前,5
109,2021衆院,東京９区,constituency,山岸　一生,やまぎし,いっせい,8/28/81,40,40,40,男,立憲民主党,新,1
123,2021衆院,東京23区,constituency,小倉　将信,おぐら,まさのぶ,5/30/81,40,40,40,男,自民党,前,4
188,2021衆院,大阪２区,constituency,守島　　正,もりしま,ただし,7/15/81,40,40,40,男,日本維新,新,1
198,2021衆院,大阪12区,constituency,藤田　文武,ふじた,ふみたけ,12/27/80,40,40,40,男,日本維新,前,2
49,2021衆院,群馬２区,constituency,井野　俊郎,いの,としろう,1/8/80,41,40,40,男,自民党,前,4
53,2021衆院,埼玉１区,constituency,村井　英樹,むらい,ひでき,5/14/80,41,40,40,男,自民党,前,4
199,2021衆院,大阪13区,constituency,岩谷　良平,いわたに,りょうへい,6/7/80,41,40,40,男,日本維新,新,1
227,2021衆院,島根２区,constituency,高見　康裕,たかみ,やすひろ,10/16/80,41,40,40,男,自民党,新,1
230,2021衆院,岡山３区,constituency,平沼正二郎,ひらぬま,しょうじろう,11/11/79,41,40,40,男,無所属,新,1
269,2021衆院,長崎２区,constituency,加藤　竜祥,かとう,りゅうしょう,2/10/80,41,40,40,男,自民党,新,1
282,2021衆院,鹿児島１区,constituency,宮路　拓馬,みやじ,たくま,12/6/79,41,40,40,男,自民党,前,3
9,2021衆院,北海道９区,constituency,山岡　達丸,やまおか,たつまる,7/22/79,42,40,40,男,立憲民主党,前,3
30,2021衆院,山形３区,constituency,加藤　鮎子,かとう,あゆこ,4/19/79,42,40,40,女,自民党,前,3
41,2021衆院,茨城６区,constituency,国光　文乃,くにみつ,あやの,3/20/79,42,40,40,女,自民党,前,2
45,2021衆院,栃木３区,constituency,簗　　和生,やな,かずお,4/22/79,42,40,40,男,自民党,前,4
102,2021衆院,東京２区,constituency,辻　　清人,つじ,きよと,9/7/79,42,40,40,男,自民党,前,4
106,2021衆院,東京６区,constituency,落合　貴之,おちあい,たかゆき,8/17/79,42,40,40,男,立憲民主党,前,3
200,2021衆院,大阪14区,constituency,青柳　仁士,あおやぎ,ひとし,11/7/78,42,40,40,男,日本維新,新,1
260,2021衆院,福岡６区,constituency,鳩山　二郎,はとやま,じろう,1/1/79,42,40,40,男,自民党,前,3
322,2021衆院,北関東,proportional,青山　大人,あおやま,やまと,1/24/79,42,40,40,男,立憲民主党,現,2
326,2021衆院,北関東,proportional,沢田　　良,さわだ,りょう,9/27/79,42,40,40,男,日本維新,新,1
344,2021衆院,南関東,proportional,金村　龍那,かねむら,りゅうな,4/6/79,42,40,40,男,日本維新,新,1
358,2021衆院,東京,proportional,伊藤　俊輔,いとう,しゅんすけ,8/5/79,42,40,40,男,立憲民主党,現,2
365,2021衆院,東京,proportional,河西　宏一,かさい,こういち,6/25/79,42,40,40,男,公明党,新,1
405,2021衆院,近畿,proportional,堀場　幸子,ほりば,さちこ,3/24/79,42,40,40,女,日本維新,新,1
456,2021衆院,九州,proportional,山田　勝彦,やまだ,かつひこ,7/19/79,42,40,40,男,立憲民主党,新,1
142,2021衆院,長野３区,constituency,井出　庸生,いで,ようせい,11/21/77,43,40,40,男,自民党,前,4
148,2021衆院,岐阜４区,constituency,金子　俊平,かねこ,しゅんぺい,5/28/78,43,40,40,男,自民党,前,2
213,2021衆院,兵庫８区,constituency,中野　洋昌,なかの,ひろまさ,1/4/78,43,40,40,男,公明党,前,4
273,2021衆院,熊本２区,constituency,西野　太亮,にしの,だいすけ,9/22/78,43,40,40,男,無所属,新,1
429,2021衆院,中国,proportional,石橋林太郎,いしばし,りんたろう,5/2/78,43,40,40,男,自民党,新,1
87,2021衆院,神奈川７区,constituency,鈴木　馨祐,すずき,けいすけ,2/9/77,44,40,40,男,自民党,前,5
93,2021衆院,神奈川13区,constituency,太　　栄志,ふとり,ひでし,4/27/77,44,40,40,男,立憲民主党,新,1
110,2021衆院,東京10区,constituency,鈴木　隼人,すずき,はやと,8/8/77,44,40,40,男,自民党,前,3
128,2021衆院,新潟３区,constituency,斎藤　洋明,さいとう,ひろあき,12/8/76,44,40,40,男,自民党,前,4
279,2021衆院,宮崎１区,constituency,渡辺　　創,わたなべ,そう,10/3/77,44,40,40,男,立憲民主党,新,1
312,2021衆院,北関東,proportional,野中　　厚,のなか,あつし,11/17/76,44,40,40,男,自民党,現,4
318,2021衆院,北関東,proportional,藤岡　隆雄,ふじおか,たかお,3/28/77,44,40,40,男,立憲民主党,新,1
369,2021衆院,北陸・信越,proportional,鷲尾英一郎,わしお,えいいちろう,1/3/77,44,40,40,男,自民党,現,6
377,2021衆院,北陸・信越,proportional,神津　　健,こうづ,たけし,1/21/77,44,40,40,男,立憲民主党,新,1
380,2021衆院,東海,proportional,青山　周平,あおやま,しゅうへい,4/28/77,44,40,40,男,自民党,現,4
400,2021衆院,東海,proportional,田中　　健,たなか,けん,7/18/77,44,40,40,男,国民民主党,新,1
428,2021衆院,近畿,proportional,大石　晃子,おおいし,あきこ,5/27/77,44,40,40,女,れいわ新選,新,1
465,2021衆院,九州,proportional,長友　慎治,ながとも,しんじ,6/22/77,44,40,40,男,国民民主党,新,1
1,2021衆院,北海道１区,constituency,道下　大樹,みちした,だいき,12/24/75,45,40,45,男,立憲民主党,前,2
97,2021衆院,神奈川17区,constituency,牧島かれん,まきしま,かれん,11/1/76,45,40,45,女,自民党,前,4
99,2021衆院,山梨１区,constituency,中谷　真一,なかたに,しんいち,9/30/76,45,40,45,男,自民党,前,4
151,2021衆院,静岡２区,constituency,井林　辰憲,いばやし,たつのり,7/18/76,45,40,45,男,自民党,前,4
152,2021衆院,静岡３区,constituency,小山　展弘,こやま,のぶひろ,12/26/75,45,40,45,男,立憲民主党,元,3
153,2021衆院,静岡４区,constituency,深沢　陽一,ふかざわ,よういち,6/21/76,45,40,45,男,自民党,前,2
155,2021衆院,静岡６区,constituency,勝俣　孝明,かつまた,たかあき,4/7/76,45,40,45,男,自民党,前,4
249,2021衆院,愛媛１区,constituency,塩崎　彰久,しおざき,あきひさ,9/9/76,45,40,45,男,自民党,新,1
305,2021衆院,東北,proportional,寺田　　学,てらた,まなぶ,9/20/76,45,40,45,男,立憲民主党,現,6
333,2021衆院,南関東,proportional,三谷　英弘,みたに,ひでひろ,6/28/76,45,40,45,男,自民党,現,3
359,2021衆院,東京,proportional,鈴木　庸介,すずき,ようすけ,11/21/75,45,40,45,男,立憲民主党,新,1
418,2021衆院,近畿,proportional,谷川　とむ,たにがわ,とむ,4/27/76,45,40,45,男,自民党,現,3
69,2021衆院,千葉２区,constituency,小林　鷹之,こばやし,たかゆき,11/29/74,46,40,45,男,自民党,前,4
81,2021衆院,神奈川１区,constituency,篠原　　豪,しのはら,ごう,2/12/75,46,40,45,男,立憲民主党,前,3
191,2021衆院,大阪５区,constituency,国重　　徹,くにしげ,とおる,11/23/74,46,40,45,男,公明党,前,4
192,2021衆院,大阪６区,constituency,伊佐　進一,いさ,しんいち,12/10/74,46,40,45,男,公明党,前,4
193,2021衆院,大阪７区,constituency,奥下　剛光,おくした,たけみつ,10/4/75,46,40,45,男,日本維新,新,1
196,2021衆院,大阪10区,constituency,池下　　卓,いけした,たく,4/10/75,46,40,45,男,日本維新,新,1
236,2021衆院,広島４区,constituency,新谷　正義,しんたに,まさよし,3/8/75,46,40,45,男,自民党,前,4
295,2021衆院,北海道,proportional,荒井　　優,あらい,ゆたか,2/28/75,46,40,45,男,立憲民主党,新,1
303,2021衆院,東北,proportional,上杉謙太郎,うえすぎ,けんたろう,4/20/75,46,40,45,男,自民党,現,2
332,2021衆院,南関東,proportional,秋本　真利,あきもと,まさとし,8/10/75,46,40,45,男,自民党,現,4
337,2021衆院,南関東,proportional,山本　朋広,やまもと,ともひろ,6/20/75,46,40,45,男,自民党,現,5
368,2021衆院,東京,proportional,山本　太郎,やまもと,たろう,11/24/74,46,40,45,男,れいわ新選,新,1
382,2021衆院,東海,proportional,宮沢　博行,みやざわ,ひろゆき,1/10/75,46,40,45,男,自民党,現,4
391,2021衆院,東海,proportional,吉田　統彦,よしだ,つねひこ,11/14/74,46,40,45,男,立憲民主党,現,3
407,2021衆院,近畿,proportional,一谷勇一郎,いちたに,ゆういちろう,1/22/75,46,40,45,男,日本維新,新,1
410,2021衆院,近畿,proportional,赤木　正幸,あかぎ,まさゆき,2/22/75,46,40,45,男,日本維新,新,1
445,2021衆院,四国,proportional,吉田　知代,よしだ,ともよ,2/23/75,46,40,45,女,日本維新,新,1
449,2021衆院,九州,proportional,武井　俊輔,たけい,しゅんすけ,3/29/75,46,40,45,男,自民党,現,4
52,2021衆院,群馬５区,constituency,小渕　優子,おぶち,ゆうこ,12/11/73,47,40,45,女,自民党,前,8
56,2021衆院,埼玉４区,constituency,穂坂　　泰,ほさか,やすし,2/17/74,47,40,45,男,自民党,前,2
64,2021衆院,埼玉12区,constituency,森田　俊和,もりた,としかず,9/19/74,47,40,45,男,立憲民主党,前,2
75,2021衆院,千葉８区,constituency,本庄　知史,ほんじょう,さとし,10/22/74,47,40,45,男,立憲民主党,新,1
101,2021衆院,東京１区,constituency,山田　美樹,やまだ,みき,3/15/74,47,40,45,女,自民党,前,4
131,2021衆院,新潟６区,constituency,梅谷　　守,うめたに,まもる,12/9/73,47,40,45,男,立憲民主党,新,1
136,2021衆院,石川２区,constituency,佐々木　紀,ささき,はじめ,10/18/74,47,40,45,男,自民党,前,4
176,2021衆院,三重４区,constituency,鈴木　英敬,すずき,えいけい,8/15/74,47,40,45,男,自民党,新,1
181,2021衆院,京都１区,constituency,勝目　　康,かつめ,やすし,5/17/74,47,40,45,男,自民党,新,1
183,2021衆院,京都３区,constituency,泉　　健太,いずみ,けんた,7/29/74,47,40,45,男,立憲民主党,前,8
185,2021衆院,京都５区,constituency,本田　太郎,ほんだ,たろう,12/1/73,47,40,45,男,自民党,前,2
194,2021衆院,大阪８区,constituency,漆間　譲司,うるま,じょうじ,9/14/74,47,40,45,男,日本維新,新,1
206,2021衆院,兵庫１区,constituency,井坂　信彦,いさか,のぶひこ,3/27/74,47,40,45,男,立憲民主党,元,3
220,2021衆院,奈良３区,constituency,田野瀬太道,たのせ,たいどう,7/4/74,47,40,45,男,自民党,前,4
231,2021衆院,岡山４区,constituency,橋本　　岳,はしもと,がく,2/5/74,47,40,45,男,自民党,前,5
363,2021衆院,東京,proportional,小野　泰輔,おの,たいすけ,4/20/74,47,40,45,男,日本維新,新,1
375,2021衆院,北陸・信越,proportional,近藤　和也,こんどう,かずや,12/12/73,47,40,45,男,立憲民主党,現,3
409,2021衆院,近畿,proportional,池畑浩太朗,いけはた,こうたろう,9/26/74,47,40,45,男,日本維新,新,1
412,2021衆院,近畿,proportional,柳本　　顕,やなぎもと,あきら,1/29/74,47,40,45,男,自民党,新,1
61,2021衆院,埼玉９区,constituency,大塚　　拓,おおつか,たく,6/14/73,48,40,45,男,自民党,前,5
132,2021衆院,富山１区,constituency,田畑　裕明,たばた,ひろあき,1/2/73,48,40,45,男,自民党,前,4
157,2021衆院,静岡８区,constituency,源馬謙太郎,げんま,けんたろう,12/21/72,48,40,45,男,立憲民主党,前,2
163,2021衆院,愛知６区,constituency,丹羽　秀樹,にわ,ひでき,12/20/72,48,40,45,男,自民党,前,6
201,2021衆院,大阪15区,constituency,浦野　靖人,うらの,やすと,4/4/73,48,40,45,男,日本維新,前,4
263,2021衆院,福岡９区,constituency,緒方林太郎,おがた,りんたろう,1/8/73,48,40,45,男,無所属,元,3
264,2021衆院,福岡10区,constituency,城井　　崇,きい,たかし,6/23/73,48,40,45,男,立憲民主党,前,4
353,2021衆院,東京,proportional,松本　洋平,まつもと,ようへい,8/31/73,48,40,45,男,自民党,現,5
447,2021衆院,九州,proportional,保岡　宏武,やすおか,ひろたけ,5/6/73,48,40,45,男,自民党,新,1
448,2021衆院,九州,proportional,岩田　和親,いわた,かずちか,9/20/73,48,40,45,男,自民党,現,4
451,2021衆院,九州,proportional,国場幸之助,こくば,こうのすけ,1/10/73,48,40,45,男,自民党,現,4
72,2021衆院,千葉５区,constituency,薗浦健太郎,そのうら,けんたろう,6/3/72,49,40,45,男,自民党,前,5
108,2021衆院,東京８区,constituency,吉田　晴美,よしだ,はるみ,1/1/72,49,40,45,女,立憲民主党,新,1
177,2021衆院,滋賀１区,constituency,大岡　敏孝,おおおか,としたか,4/16/72,49,40,45,男,自民党,前,4
179,2021衆院,滋賀３区,constituency,武村　展英,たけむら,のぶひで,1/21/72,49,40,45,男,自民党,前,4
256,2021衆院,福岡２区,constituency,鬼木　　誠,おにき,まこと,10/16/72,49,40,45,男,自民党,前,4
257,2021衆院,福岡３区,constituency,古賀　　篤,こが,あつし,7/14/72,49,40,45,男,自民党,前,4
292,2021衆院,北海道,proportional,堀井　　学,ほりい,まなぶ,2/19/72,49,40,45,男,自民党,現,4
315,2021衆院,北関東,proportional,石川　昭政,いしかわ,あきまさ,9/18/72,49,40,45,男,自民党,現,4
367,2021衆院,東京,proportional,宮本　　徹,みやもと,とおる,1/22/72,49,40,45,男,共産党,現,3
371,2021衆院,北陸・信越,proportional,国定　勇人,くにさだ,いさと,8/30/72,49,40,45,男,自民党,新,1
386,2021衆院,東海,proportional,石原　正敬,いしはら,まさたか,11/29/71,49,40,45,男,自民党,新,1
399,2021衆院,東海,proportional,本村　伸子,もとむら,のぶこ,10/20/72,49,40,45,女,共産党,現,3
421,2021衆院,近畿,proportional,鰐淵　洋子,わにぶち,ようこ,4/10/72,49,40,45,女,公明党,現,2
435,2021衆院,中国,proportional,柚木　道義,ゆのき,みちよし,5/28/72,49,40,45,男,立憲民主党,現,6
463,2021衆院,九州,proportional,山本　剛正,やまもと,ごうせい,1/1/72,49,40,45,男,日本維新,元,2
5,2021衆院,北海道５区,constituency,和田　義明,わだ,よしあき,10/10/71,50,50,50,男,自民党,前,3
115,2021衆院,東京15区,constituency,柿沢　未途,かきざわ,みと,1/21/71,50,50,50,男,自民党,前,5
154,2021衆院,静岡５区,constituency,細野　豪志,ほその,ごうし,8/21/71,50,50,50,男,無所属,前,8
169,2021衆院,愛知12区,constituency,重徳　和彦,しげとく,かずひこ,12/21/70,50,50,50,男,立憲民主党,前,4
170,2021衆院,愛知13区,constituency,大西　健介,おおにし,けんすけ,4/13/71,50,50,50,男,立憲民主党,前,5
187,2021衆院,大阪１区,constituency,井上　英孝,いのうえ,ひでたか,10/25/71,50,50,50,男,日本維新,前,4
209,2021衆院,兵庫４区,constituency,藤井比早之,ふじい,ひさゆき,9/11/71,50,50,50,男,自民党,前,4
240,2021衆院,山口１区,constituency,高村　正大,こうむら,まさひろ,11/14/70,50,50,50,男,自民党,前,2
246,2021衆院,香川１区,constituency,小川　淳也,おがわ,じゅんや,4/18/71,50,50,50,男,立憲民主党,前,6
310,2021衆院,東北,proportional,早坂　　敦,はやさか,あつし,3/11/71,50,50,50,男,日本維新,新,1
313,2021衆院,北関東,proportional,牧原　秀樹,まきはら,ひでき,6/4/71,50,50,50,男,自民党,現,5
334,2021衆院,南関東,proportional,義家　弘介,よしいえ,ひろゆき,3/31/71,50,50,50,男,自民党,現,4
423,2021衆院,近畿,proportional,森山　浩行,もりやま,ひろゆき,4/8/71,50,50,50,男,立憲民主党,現,3
437,2021衆院,中国,proportional,平林　　晃,ひらばやし,あきら,2/2/71,50,50,50,男,公明党,新,1
444,2021衆院,四国,proportional,山崎　正恭,やまさき,まさやす,3/5/71,50,50,50,男,公明党,新,1
12,2021衆院,北海道12区,constituency,武部　　新,たけべ,あらた,7/20/70,51,50,50,男,自民党,前,4
14,2021衆院,青森２区,constituency,神田　潤一,かんだ,じゅんいち,9/27/70,51,50,50,男,自民党,新,1
36,2021衆院,茨城１区,constituency,福島　伸享,ふくしま,のぶゆき,8/8/70,51,50,50,男,無所属,元,3
55,2021衆院,埼玉３区,constituency,黄川田仁志,きかわだ,ひとし,10/13/70,51,50,50,男,自民党,前,4
120,2021衆院,東京20区,constituency,木原　誠二,きはら,せいじ,6/8/70,51,50,50,男,自民党,前,5
135,2021衆院,石川１区,constituency,小森　卓郎,こもり,たくお,5/21/70,51,50,50,男,自民党,新,1
316,2021衆院,北関東,proportional,五十嵐　清,いがらし,きよし,12/14/69,51,50,50,男,自民党,新,1
378,2021衆院,北陸・信越,proportional,吉田　豊史,よしだ,とよふみ,4/10/70,51,50,50,男,日本維新,元,2
379,2021衆院,北陸・信越,proportional,中川　宏昌,なかがわ,ひろまさ,7/15/70,51,50,50,男,公明党,新,1
395,2021衆院,東海,proportional,伊藤　　渉,いとう,わたる,11/13/69,51,50,50,男,公明党,現,5
415,2021衆院,近畿,proportional,田中　英之,たなか,ひでゆき,7/11/70,51,50,50,男,自民党,現,4
416,2021衆院,近畿,proportional,宗清　皇一,むねきよ,こういち,8/9/70,51,50,50,男,自民党,現,3
422,2021衆院,近畿,proportional,桜井　　周,さくらい,しゅう,8/16/70,51,50,50,男,立憲民主党,現,2
457,2021衆院,九州,proportional,稲富　修二,いなとみ,しゅうじ,8/26/70,51,50,50,男,立憲民主党,現,3
458,2021衆院,九州,proportional,浜地　雅一,はまち,まさかず,5/8/70,51,50,50,男,公明党,現,4
96,2021衆院,神奈川16区,constituency,後藤　祐一,ごとう,ゆういち,3/25/69,52,50,50,男,立憲民主党,前,5
125,2021衆院,東京25区,constituency,井上　信治,いのうえ,しんじ,10/7/69,52,50,50,男,自民党,前,7
129,2021衆院,新潟４区,constituency,菊田真紀子,きくた,まきこ,10/24/69,52,50,50,女,立憲民主党,前,7
137,2021衆院,石川３区,constituency,西田　昭二,にしだ,しょうじ,5/1/69,52,50,50,男,自民党,前,2
247,2021衆院,香川２区,constituency,玉木雄一郎,たまき,ゆういちろう,5/1/69,52,50,50,男,国民民主党,前,5
272,2021衆院,熊本１区,constituency,木原　　稔,きはら,みのる,8/12/69,52,50,50,男,自民党,前,5
317,2021衆院,北関東,proportional,中根　一幸,なかね,かずゆき,7/11/69,52,50,50,男,自民党,現,5
341,2021衆院,南関東,proportional,青柳陽一郎,あおやぎ,よういちろう,8/29/69,52,50,50,男,立憲民主党,現,4
351,2021衆院,南関東,proportional,多ケ谷　亮,たがや,りょう,11/25/68,52,50,50,男,れいわ新選,新,1
398,2021衆院,東海,proportional,岬　　麻紀,みさき,まき,12/26/68,52,50,50,女,日本維新,新,1
442,2021衆院,四国,proportional,後藤田正純,ごとうだ,まさずみ,8/5/69,52,50,50,男,自民党,現,8
460,2021衆院,九州,proportional,金城　泰邦,きんじょう,やすくに,7/16/69,52,50,50,男,公明党,新,1
6,2021衆院,北海道６区,constituency,東　　国幹,あずま,くによし,2/17/68,53,50,50,男,自民党,新,1
15,2021衆院,青森３区,constituency,木村　次郎,きむら,じろう,12/16/67,53,50,50,男,自民党,前,2
34,2021衆院,福島４区,constituency,小熊　慎司,おぐま,しんじ,6/16/68,53,50,50,男,立憲民主党,前,4
86,2021衆院,神奈川６区,constituency,古川　直季,ふるかわ,なおき,8/31/68,53,50,50,男,自民党,新,1
94,2021衆院,神奈川14区,constituency,赤間　二郎,あかま,じろう,3/27/68,53,50,50,男,自民党,前,5
98,2021衆院,神奈川18区,constituency,山際大志郎,やまぎわ,だいしろう,9/12/68,53,50,50,男,自民党,前,6
204,2021衆院,大阪18区,constituency,遠藤　　敬,えんどう,たかし,6/6/68,53,50,50,男,日本維新,前,4
248,2021衆院,香川３区,constituency,大野敬太郎,おおの,けいたろう,11/1/68,53,50,50,男,自民党,前,4
252,2021衆院,愛媛４区,constituency,長谷川淳二,はせがわ,じゅんじ,8/5/68,53,50,50,男,自民党,新,1
265,2021衆院,福岡11区,constituency,武田　良太,たけだ,りょうた,4/1/68,53,50,50,男,自民党,前,7
296,2021衆院,北海道,proportional,神谷　　裕,かみや,ひろし,8/10/68,53,50,50,男,立憲民主党,現,2
335,2021衆院,南関東,proportional,中山　展宏,なかやま,のりひろ,9/16/68,53,50,50,男,自民党,現,4
346,2021衆院,南関東,proportional,浅川　義治,あさかわ,よしはる,2/23/68,53,50,50,男,日本維新,新,1
396,2021衆院,東海,proportional,中川　康洋,なかがわ,やすひろ,2/12/68,53,50,50,男,公明党,元,2
459,2021衆院,九州,proportional,吉田　宣弘,よしだ,のぶひろ,12/8/67,53,50,50,男,公明党,現,3
51,2021衆院,群馬４区,constituency,福田　達夫,ふくだ,たつお,3/5/67,54,50,50,男,自民党,前,4
104,2021衆院,東京４区,constituency,平　　将明,たいら,まさあき,2/21/67,54,50,50,男,自民党,前,6
126,2021衆院,新潟１区,constituency,西村智奈美,にしむら,ちなみ,1/13/67,54,50,50,女,立憲民主党,前,6
130,2021衆院,新潟５区,constituency,米山　隆一,よねやま,りゅういち,9/8/67,54,50,50,男,無所属,新,1
184,2021衆院,京都４区,constituency,北神　圭朗,きたがみ,けいろう,2/1/67,54,50,50,男,無所属,元,4
254,2021衆院,高知２区,constituency,尾崎　正直,おざき,まさなお,9/14/67,54,50,50,男,自民党,新,1
342,2021衆院,南関東,proportional,中島　克仁,なかじま,かつひと,9/27/67,54,50,50,男,立憲民主党,現,4
385,2021衆院,東海,proportional,中川　貴元,なかがわ,たかもと,2/25/67,54,50,50,男,自民党,新,1
404,2021衆院,近畿,proportional,掘井　健智,ほりい,けんじ,1/10/67,54,50,50,男,日本維新,新,1
433,2021衆院,中国,proportional,杉田　水脈,すぎた,みお,4/22/67,54,50,50,女,自民党,現,3
16,2021衆院,岩手１区,constituency,階　　　猛,しな,たけし,10/7/66,55,50,55,男,立憲民主党,前,6
50,2021衆院,群馬３区,constituency,笹川　博義,ささがわ,ひろよし,8/29/66,55,50,55,男,自民党,前,4
60,2021衆院,埼玉８区,constituency,柴山　昌彦,しばやま,まさひこ,12/5/65,55,50,55,男,自民党,前,7
105,2021衆院,東京５区,constituency,手塚　仁雄,てづか,よしお,9/14/66,55,50,55,男,立憲民主党,前,5
159,2021衆院,愛知２区,constituency,古川　元久,ふるかわ,もとひさ,12/6/65,55,50,55,男,国民民主党,前,9
212,2021衆院,兵庫７区,constituency,山田　賢司,やまだ,けんじ,4/20/66,55,50,55,男,自民党,前,4
244,2021衆院,徳島１区,constituency,仁木　博文,にき,ひろぶみ,5/23/66,55,50,55,男,無所属,元,2
298,2021衆院,東北,proportional,津島　　淳,つしま,じゅん,10/18/66,55,50,55,男,自民党,現,4
383,2021衆院,東海,proportional,池田　佳隆,いけだ,よしたか,6/20/66,55,50,55,男,自民党,現,4
401,2021衆院,近畿,proportional,三木　圭恵,みき,けえ,7/7/66,55,50,55,女,日本維新,元,2
413,2021衆院,近畿,proportional,大串　正樹,おおぐし,まさき,1/20/66,55,50,55,男,自民党,現,4
438,2021衆院,中国,proportional,日下　正喜,くさか,まさき,11/25/65,55,50,55,男,公明党,新,1
455,2021衆院,九州,proportional,吉川　　元,よしかわ,はじめ,9/28/66,55,50,55,男,立憲民主党,現,4
20,2021衆院,宮城２区,constituency,鎌田さゆり,かまた,さゆり,1/8/65,56,50,55,女,立憲民主党,元,3
31,2021衆院,福島１区,constituency,金子　恵美,かねこ,えみ,7/7/65,56,50,55,女,立憲民主党,前,3
85,2021衆院,神奈川５区,constituency,坂井　　学,さかい,まなぶ,9/4/65,56,50,55,男,自民党,前,5
89,2021衆院,神奈川９区,constituency,笠　　浩史,りゅう,ひろふみ,1/3/65,56,50,55,男,立憲民主党,前,7
100,2021衆院,山梨２区,constituency,堀内　詔子,ほりうち,のりこ,10/28/65,56,50,55,女,自民党,前,4
112,2021衆院,東京12区,constituency,岡本　三成,おかもと,みつなり,5/5/65,56,50,55,男,公明党,前,4
133,2021衆院,富山２区,constituency,上田　英俊,うえだ,えいしゅん,1/22/65,56,50,55,男,自民党,新,1
156,2021衆院,静岡７区,constituency,城内　　実,きうち,みのる,4/19/65,56,50,55,男,自民党,前,6
161,2021衆院,愛知４区,constituency,工藤　彰三,くどう,しょうぞう,12/8/64,56,50,55,男,自民党,前,4
172,2021衆院,愛知15区,constituency,根本　幸典,ねもと,ゆきのり,2/21/65,56,50,55,男,自民党,前,4
173,2021衆院,三重１区,constituency,田村　憲久,たむら,のりひさ,12/15/64,56,50,55,男,自民党,前,9
178,2021衆院,滋賀２区,constituency,上野賢一郎,うえの,けんいちろう,8/3/65,56,50,55,男,自民党,前,5
195,2021衆院,大阪９区,constituency,足立　康史,あだち,やすし,10/14/65,56,50,55,男,日本維新,前,4
203,2021衆院,大阪17区,constituency,馬場　伸幸,ばば,のぶゆき,1/27/65,56,50,55,男,日本維新,前,4
208,2021衆院,兵庫３区,constituency,関　　芳弘,せき,よしひろ,6/7/65,56,50,55,男,自民党,前,5
229,2021衆院,岡山２区,constituency,山下　貴司,やました,たかし,9/8/65,56,50,55,男,自民党,前,4
267,2021衆院,佐賀２区,constituency,大串　博志,おおぐし,ひろし,8/31/65,56,50,55,男,立憲民主党,前,6
281,2021衆院,宮崎３区,constituency,古川　禎久,ふるかわ,よしひさ,8/3/65,56,50,55,男,自民党,前,7
288,2021衆院,沖縄３区,constituency,島尻安伊子,しまじり,あいこ,3/4/65,56,50,55,女,自民党,新,1
320,2021衆院,北関東,proportional,小宮山泰子,こみやま,やすこ,4/25/65,56,50,55,女,立憲民主党,現,7
352,2021衆院,東京,proportional,高木　　啓,たかぎ,けい,3/16/65,56,50,55,男,自民党,現,2
381,2021衆院,東海,proportional,石井　　拓,いしい,たく,4/11/65,56,50,55,男,自民党,新,1
452,2021衆院,九州,proportional,宮崎　政久,みやざき,まさひさ,8/8/65,56,50,55,男,自民党,現,4
27,2021衆院,秋田３区,constituency,御法川信英,みのりかわ,のぶひで,5/25/64,57,50,55,男,自民党,前,6
33,2021衆院,福島３区,constituency,玄葉光一郎,げんば,こういちろう,5/20/64,57,50,55,男,立憲民主党,前,10
57,2021衆院,埼玉５区,constituency,枝野　幸男,えだの,ゆきお,5/31/64,57,50,55,男,立憲民主党,前,10
67,2021衆院,埼玉15区,constituency,田中　良生,たなか,りょうせい,11/11/63,57,50,55,男,自民党,前,5
76,2021衆院,千葉９区,constituency,奥野総一郎,おくの,そういちろう,7/15/64,57,50,55,男,立憲民主党,前,5
83,2021衆院,神奈川３区,constituency,中西　健治,なかにし,けんじ,1/4/64,57,50,55,男,自民党,新,1
121,2021衆院,東京21区,constituency,小田原　潔,おだわら,きよし,5/23/64,57,50,55,男,自民党,前,4
127,2021衆院,新潟２区,constituency,細田　健一,ほそだ,けんいち,7/11/64,57,50,55,男,自民党,前,4
140,2021衆院,長野１区,constituency,若林　健太,わかばやし,けんた,1/11/64,57,50,55,男,自民党,新,1
158,2021衆院,愛知１区,constituency,熊田　裕通,くまだ,ひろみち,8/28/64,57,50,55,男,自民党,前,4
165,2021衆院,愛知８区,constituency,伊藤　忠彦,いとう,ただひこ,7/11/64,57,50,55,男,自民党,前,5
205,2021衆院,大阪19区,constituency,伊東　信久,いとう,のぶひさ,1/4/64,57,50,55,男,日本維新,元,3
211,2021衆院,兵庫６区,constituency,市村浩一郎,いちむら,こういちろう,7/16/64,57,50,55,男,日本維新,元,4
251,2021衆院,愛媛３区,constituency,井原　　巧,いはら,たくみ,11/13/63,57,50,55,男,自民党,新,1
268,2021衆院,長崎１区,constituency,西岡　秀子,にしおか,ひでこ,3/15/64,57,50,55,女,国民民主党,前,2
304,2021衆院,東北,proportional,岡本　章子,おかもと,あきこ,8/16/64,57,50,55,女,立憲民主党,現,2
336,2021衆院,南関東,proportional,門山　宏哲,かどやま,ひろあき,9/3/64,57,50,55,男,自民党,現,4
354,2021衆院,東京,proportional,越智　隆雄,おち,たかお,2/27/64,57,50,55,男,自民党,現,5
357,2021衆院,東京,proportional,石原　宏高,いしはら,ひろたか,6/19/64,57,50,55,男,自民党,現,5
373,2021衆院,北陸・信越,proportional,塚田　一郎,つかだ,いちろう,12/27/63,57,50,55,男,自民党,新,1
402,2021衆院,近畿,proportional,和田有一朗,わだ,ゆういちろう,10/23/64,57,50,55,男,日本維新,新,1
414,2021衆院,近畿,proportional,小林　茂樹,こばやし,しげき,10/9/64,57,50,55,男,自民党,現,3
432,2021衆院,中国,proportional,高階恵美子,たかがい,えみこ,12/21/63,57,50,55,女,自民党,新,1
439,2021衆院,中国,proportional,空本　誠喜,そらもと,せいき,3/11/64,57,50,55,男,日本維新,元,2
95,2021衆院,神奈川15区,constituency,河野　太郎,こうの,たろう,1/10/63,58,50,55,男,自民党,前,9
124,2021衆院,東京24区,constituency,萩生田光一,はぎうだ,こういち,8/31/63,58,50,55,男,自民党,前,6
146,2021衆院,岐阜２区,constituency,棚橋　泰文,たなはし,やすふみ,2/11/63,58,50,55,男,自民党,前,9
162,2021衆院,愛知５区,constituency,神田　憲次,かんだ,けんじ,2/19/63,58,50,55,男,自民党,前,4
308,2021衆院,東北,proportional,庄子　賢一,しょうじ,けんいち,2/8/63,58,50,55,男,公明党,新,1
327,2021衆院,北関東,proportional,高橋　英明,たかはし,ひであき,5/10/63,58,50,55,男,日本維新,新,1
329,2021衆院,北関東,proportional,鈴木　義弘,すずき,よしひろ,11/10/62,58,50,55,男,国民民主党,元,3
330,2021衆院,南関東,proportional,星野　剛士,ほしの,つよし,8/8/63,58,50,55,男,自民党,現,4
340,2021衆院,南関東,proportional,谷田川　元,やたがわ,はじめ,1/17/63,58,50,55,男,立憲民主党,現,3
343,2021衆院,南関東,proportional,山崎　　誠,やまざき,まこと,11/22/62,58,50,55,男,立憲民主党,現,3
408,2021衆院,近畿,proportional,前川　清成,まえかわ,きよしげ,12/22/62,58,50,55,男,日本維新,新,1
420,2021衆院,近畿,proportional,浮島　智子,うきしま,ともこ,2/1/63,58,50,55,女,公明党,現,4
424,2021衆院,近畿,proportional,徳永　久志,とくなが,ひさし,6/27/63,58,50,55,男,立憲民主党,新,1
436,2021衆院,中国,proportional,湯原　俊二,ゆはら,しゅんじ,11/20/62,58,50,55,男,立憲民主党,元,2
443,2021衆院,四国,proportional,白石　洋一,しらいし,よういち,6/25/63,58,50,55,男,立憲民主党,現,3
454,2021衆院,九州,proportional,末次　精一,すえつぐ,せいいち,12/2/62,58,50,55,男,立憲民主党,新,1
461,2021衆院,九州,proportional,吉田久美子,よしだ,くみこ,7/19/63,58,50,55,女,公明党,新,1
23,2021衆院,宮城５区,constituency,安住　　淳,あずみ,じゅん,1/17/62,59,50,55,男,立憲民主党,前,9
70,2021衆院,千葉３区,constituency,松野　博一,まつの,ひろかず,9/13/62,59,50,55,男,自民党,前,8
80,2021衆院,千葉13区,constituency,松本　　尚,まつもと,ひさし,6/3/62,59,50,55,男,自民党,新,1
182,2021衆院,京都２区,constituency,前原　誠司,まえはら,せいじ,4/30/62,59,50,55,男,国民民主党,前,10
186,2021衆院,京都６区,constituency,山井　和則,やまのい,かずのり,1/6/62,59,50,55,男,立憲民主党,前,8
214,2021衆院,兵庫９区,constituency,西村　康稔,にしむら,やすとし,10/15/62,59,50,55,男,自民党,前,7
255,2021衆院,福岡１区,constituency,井上　貴博,いのうえ,たかひろ,4/2/62,59,50,55,男,自民党,前,4
258,2021衆院,福岡４区,constituency,宮内　秀樹,みやうち,ひでき,10/19/62,59,50,55,男,自民党,前,4
299,2021衆院,東北,proportional,秋葉　賢也,あきば,けんや,7/3/62,59,50,55,男,自民党,現,7
324,2021衆院,北関東,proportional,輿水　恵一,こしみず,けいいち,2/4/62,59,50,55,男,公明党,元,3
325,2021衆院,北関東,proportional,福重　隆浩,ふくしげ,たかひろ,5/3/62,59,50,55,男,公明党,新,1
328,2021衆院,北関東,proportional,塩川　鉄也,しおかわ,てつや,12/18/61,59,50,55,男,共産党,現,8
356,2021衆院,東京,proportional,長島　昭久,ながしま,あきひさ,2/17/62,59,50,55,男,自民党,現,7
372,2021衆院,北陸・信越,proportional,泉田　裕彦,いずみだ,ひろひこ,9/15/62,59,50,55,男,自民党,現,2
392,2021衆院,東海,proportional,渡辺　　周,わたなべ,しゅう,12/11/61,59,50,55,男,立憲民主党,現,9
462,2021衆院,九州,proportional,阿部　弘樹,あべ,ひろき,12/15/61,59,50,55,男,日本維新,新,1
4,2021衆院,北海道４区,constituency,中村　裕之,なかむら,ひろゆき,2/23/61,60,60,60,男,自民党,前,4
59,2021衆院,埼玉７区,constituency,中野　英幸,なかの,ひでゆき,9/6/61,60,60,60,男,自民党,新,1
68,2021衆院,千葉１区,constituency,田嶋　　要,たじま,かなめ,9/22/61,60,60,60,男,立憲民主党,前,7
122,2021衆院,東京22区,constituency,伊藤　達也,いとう,たつや,7/6/61,60,60,60,男,自民党,前,9
134,2021衆院,富山３区,constituency,橘　慶一郎,たちばな,けいいちろう,1/23/61,60,60,60,男,自民党,前,5
190,2021衆院,大阪４区,constituency,美延　映夫,みのべ,てるお,5/23/61,60,60,60,男,日本維新,前,2
219,2021衆院,奈良２区,constituency,高市　早苗,たかいち,さなえ,3/7/61,60,60,60,女,自民党,前,9
225,2021衆院,鳥取２区,constituency,赤沢　亮正,あかざわ,りょうせい,12/18/60,60,60,60,男,自民党,前,6
242,2021衆院,山口３区,constituency,林　　芳正,はやし,よしまさ,1/19/61,60,60,60,男,自民党,新,1
275,2021衆院,熊本４区,constituency,金子　恭之,かねこ,やすし,2/27/61,60,60,60,男,自民党,前,8
311,2021衆院,北関東,proportional,尾身　朝子,おみ,あさこ,4/26/61,60,60,60,女,自民党,現,3
348,2021衆院,南関東,proportional,角田　秀穂,つのだ,ひでお,3/25/61,60,60,60,男,公明党,元,2
355,2021衆院,東京,proportional,若宮　健嗣,わかみや,けんじ,9/2/61,60,60,60,男,自民党,現,5
389,2021衆院,東海,proportional,伴野　　豊,ばんの,ゆたか,1/1/61,60,60,60,男,立憲民主党,元,6
464,2021衆院,九州,proportional,田村　貴昭,たむら,たかあき,4/30/61,60,60,60,男,共産党,現,3
3,2021衆院,北海道３区,constituency,高木　宏寿,たかぎ,ひろひさ,4/9/60,61,60,60,男,自民党,元,3
21,2021衆院,宮城３区,constituency,西村　明宏,にしむら,あきひろ,7/16/60,61,60,60,男,自民党,前,6
24,2021衆院,宮城６区,constituency,小野寺五典,おのでら,いつのり,5/5/60,61,60,60,男,自民党,前,8
107,2021衆院,東京７区,constituency,長妻　　昭,ながつま,あきら,6/14/60,61,60,60,男,立憲民主党,前,8
145,2021衆院,岐阜１区,constituency,野田　聖子,のだ,せいこ,9/3/60,61,60,60,女,自民党,前,10
180,2021衆院,滋賀４区,constituency,小寺　裕雄,こてら,ひろお,9/18/60,61,60,60,男,自民党,前,2
218,2021衆院,奈良１区,constituency,馬淵　澄夫,まぶち,すみお,8/23/60,61,60,60,男,立憲民主党,前,7
259,2021衆院,福岡５区,constituency,堤　かなめ,つつみ,かなめ,10/27/60,61,60,60,女,立憲民主党,新,1
261,2021衆院,福岡７区,constituency,藤丸　　敏,ふじまる,さとし,1/19/60,61,60,60,男,自民党,前,4
280,2021衆院,宮崎２区,constituency,江藤　　拓,えとう,たく,7/1/60,61,60,60,男,自民党,前,7
297,2021衆院,北海道,proportional,佐藤　英道,さとう,ひでみち,9/26/60,61,60,60,男,公明党,現,4
364,2021衆院,東京,proportional,高木　陽介,たかぎ,ようすけ,12/16/59,61,60,60,男,公明党,現,9
370,2021衆院,北陸・信越,proportional,高鳥　修一,たかとり,しゅういち,9/29/60,61,60,60,男,自民党,現,5
397,2021衆院,東海,proportional,杉本　和巳,すぎもと,かずみ,9/17/60,61,60,60,男,日本維新,現,4
426,2021衆院,近畿,proportional,宮本　岳志,みやもと,たけし,12/25/59,61,60,60,男,共産党,元,5
2,2021衆院,北海道２区,constituency,松木　謙公,まつき,けんこう,2/22/59,62,60,60,男,立憲民主党,前,6
8,2021衆院,北海道８区,constituency,逢坂　誠二,おおさか,せいじ,4/24/59,62,60,60,男,立憲民主党,前,5
38,2021衆院,茨城３区,constituency,葉梨　康弘,はなし,やすひろ,10/12/59,62,60,60,男,自民党,前,6
74,2021衆院,千葉７区,constituency,斎藤　　健,さいとう,けん,6/14/59,62,60,60,男,自民党,前,5
84,2021衆院,神奈川４区,constituency,早稲田夕季,わせだ,ゆき,12/6/58,62,60,60,女,立憲民主党,前,2
138,2021衆院,福井１区,constituency,稲田　朋美,いなだ,ともみ,2/20/59,62,60,60,女,自民党,前,6
189,2021衆院,大阪３区,constituency,佐藤　茂樹,さとう,しげき,6/8/59,62,60,60,男,公明党,前,10
216,2021衆院,兵庫11区,constituency,松本　剛明,まつもと,たけあき,4/25/59,62,60,60,男,自民党,前,8
238,2021衆院,広島６区,constituency,佐藤　公治,さとう,こうじ,7/28/59,62,60,60,男,立憲民主党,前,4
241,2021衆院,山口２区,constituency,岸　　信夫,きし,のぶお,4/1/59,62,60,60,男,自民党,前,4
266,2021衆院,佐賀１区,constituency,原口　一博,はらぐち,かずひろ,7/2/59,62,60,60,男,立憲民主党,前,9
293,2021衆院,北海道,proportional,中川　郁子,なかがわ,ゆうこ,12/22/58,62,60,60,女,自民党,元,3
309,2021衆院,東北,proportional,高橋千鶴子,たかはし,ちづこ,9/16/59,62,60,60,女,共産党,現,7
431,2021衆院,中国,proportional,阿部　俊子,あべ,としこ,5/19/59,62,60,60,女,自民党,現,6
10,2021衆院,北海道10区,constituency,稲津　　久,いなつ,ひさし,2/9/58,63,60,60,男,公明党,前,5
19,2021衆院,宮城１区,constituency,土井　　亨,どい,とおる,8/12/58,63,60,60,男,自民党,前,5
54,2021衆院,埼玉２区,constituency,新藤　義孝,しんどう,よしたか,1/20/58,63,60,60,男,自民党,前,8
144,2021衆院,長野５区,constituency,宮下　一郎,みやした,いちろう,8/1/58,63,60,60,男,自民党,前,6
160,2021衆院,愛知３区,constituency,近藤　昭一,こんどう,しょういち,5/26/58,63,60,60,男,立憲民主党,前,9
164,2021衆院,愛知７区,constituency,鈴木　淳司,すずき,じゅんじ,4/7/58,63,60,60,男,自民党,前,6
207,2021衆院,兵庫２区,constituency,赤羽　一嘉,あかば,かずよし,5/7/58,63,60,60,男,公明党,前,9
237,2021衆院,広島５区,constituency,寺田　　稔,てらだ,みのる,1/24/58,63,60,60,男,自民党,前,6
276,2021衆院,大分１区,constituency,吉良　州司,きら,しゅうじ,3/16/58,63,60,60,男,無所属,前,6
283,2021衆院,鹿児島２区,constituency,三反園　訓,みたぞの,さとし,2/13/58,63,60,60,男,無所属,新,1
284,2021衆院,鹿児島３区,constituency,野間　　健,のま,たけし,10/8/58,63,60,60,男,立憲民主党,元,3
291,2021衆院,北海道,proportional,渡辺　孝一,わたなべ,こういち,11/25/57,63,60,60,男,自民党,現,4
323,2021衆院,北関東,proportional,石井　啓一,いしい,けいいち,3/20/58,63,60,60,男,公明党,現,10
393,2021衆院,東海,proportional,牧　　義夫,まき,よしお,1/14/58,63,60,60,男,立憲民主党,現,7
419,2021衆院,近畿,proportional,竹内　　譲,たけうち,ゆずる,6/25/58,63,60,60,男,公明党,現,6
434,2021衆院,中国,proportional,畦元　将吾,あぜもと,しょうご,4/30/58,63,60,60,男,自民党,現,2
441,2021衆院,四国,proportional,平井　卓也,ひらい,たくや,1/25/58,63,60,60,男,自民党,現,8
450,2021衆院,九州,proportional,古川　　康,ふるかわ,やすし,7/15/58,63,60,60,男,自民党,現,3
453,2021衆院,九州,proportional,小里　泰弘,おざと,やすひろ,9/29/58,63,60,60,男,自民党,現,6
58,2021衆院,埼玉６区,constituency,大島　　敦,おおしま,あつし,12/21/56,64,60,60,男,立憲民主党,前,8
71,2021衆院,千葉４区,constituency,野田　佳彦,のだ,よしひこ,5/20/57,64,60,60,男,立憲民主党,前,9
119,2021衆院,東京19区,constituency,末松　義規,すえまつ,よしのり,12/5/56,64,60,60,男,立憲民主党,前,7
166,2021衆院,愛知９区,constituency,長坂　康正,ながさか,やすまさ,4/10/57,64,60,60,男,自民党,前,4
224,2021衆院,鳥取１区,constituency,石破　　茂,いしば,しげる,2/4/57,64,60,60,男,自民党,前,12
233,2021衆院,広島１区,constituency,岸田　文雄,きしだ,ふみお,7/29/57,64,60,60,男,自民党,前,10
253,2021衆院,高知１区,constituency,中谷　　元,なかたに,げん,10/14/57,64,60,60,男,自民党,前,11
278,2021衆院,大分３区,constituency,岩屋　　毅,いわや,たけし,8/24/57,64,60,60,男,自民党,前,9
88,2021衆院,神奈川８区,constituency,江田　憲司,えだ,けんじ,4/28/56,65,60,65,男,立憲民主党,前,7
103,2021衆院,東京３区,constituency,松原　　仁,まつばら,じん,7/31/56,65,60,65,男,立憲民主党,前,8
114,2021衆院,東京14区,constituency,松島みどり,まつしま,みどり,7/15/56,65,60,65,女,自民党,前,7
139,2021衆院,福井２区,constituency,高木　　毅,たかぎ,つよし,1/16/56,65,60,65,男,自民党,前,8
141,2021衆院,長野２区,constituency,下条　みつ,しもじょう,みつ,12/29/55,65,60,65,男,立憲民主党,前,5
143,2021衆院,長野４区,constituency,後藤　茂之,ごとう,しげゆき,12/9/55,65,60,65,男,自民党,前,7
197,2021衆院,大阪11区,constituency,中司　　宏,なかつか,ひろし,3/11/56,65,60,65,男,日本維新,新,1
221,2021衆院,和歌山１区,constituency,岸本　周平,きしもと,しゅうへい,7/12/56,65,60,65,男,国民民主党,前,5
232,2021衆院,岡山５区,constituency,加藤　勝信,かとう,かつのぶ,11/22/55,65,60,65,男,自民党,前,7
287,2021衆院,沖縄２区,constituency,新垣　邦男,あらかき,くにお,6/19/56,65,60,65,男,社民党,新,1
347,2021衆院,南関東,proportional,古屋　範子,ふるや,のりこ,5/14/56,65,60,65,女,公明党,現,7
374,2021衆院,北陸・信越,proportional,務台　俊介,むたい,しゅんすけ,7/3/56,65,60,65,男,自民党,現,4
13,2021衆院,青森１区,constituency,江渡　聡徳,えと,あきのり,10/12/55,66,60,65,男,自民党,前,8
25,2021衆院,秋田１区,constituency,冨樫　博之,とがし,ひろゆき,4/27/55,66,60,65,男,自民党,前,4
39,2021衆院,茨城４区,constituency,梶山　弘志,かじやま,ひろし,10/18/55,66,60,65,男,自民党,前,8
47,2021衆院,栃木５区,constituency,茂木　敏充,もてぎ,としみつ,10/7/55,66,60,65,男,自民党,前,10
66,2021衆院,埼玉14区,constituency,三ツ林裕巳,みつばやし,ひろみ,9/7/55,66,60,65,男,自民党,前,4
79,2021衆院,千葉12区,constituency,浜田　靖一,はまだ,やすかず,10/21/55,66,60,65,男,自民党,前,10
147,2021衆院,岐阜３区,constituency,武藤　容治,むとう,ようじ,10/18/55,66,60,65,男,自民党,前,5
300,2021衆院,東北,proportional,菅家　一郎,かんけ,いちろう,5/20/55,66,60,65,男,自民党,現,4
301,2021衆院,東北,proportional,亀岡　偉民,かめおか,よしたみ,9/10/55,66,60,65,男,自民党,現,5
321,2021衆院,北関東,proportional,坂本祐之輔,さかもと,ゆうのすけ,1/30/55,66,60,65,男,立憲民主党,元,3
394,2021衆院,東海,proportional,大口　善徳,おおぐち,よしのり,9/5/55,66,60,65,男,公明党,現,9
42,2021衆院,茨城７区,constituency,永岡　桂子,ながおか,けいこ,12/8/53,67,60,65,女,自民党,前,6
43,2021衆院,栃木１区,constituency,船田　　元,ふなだ,はじめ,11/22/53,67,60,65,男,自民党,前,13
111,2021衆院,東京11区,constituency,下村　博文,しもむら,はくぶん,5/23/54,67,60,65,男,自民党,前,9
217,2021衆院,兵庫12区,constituency,山口　　壮,やまぐち,つよし,10/3/54,67,60,65,男,自民党,前,7
228,2021衆院,岡山１区,constituency,逢沢　一郎,あいさわ,いちろう,6/10/54,67,60,65,男,自民党,前,12
243,2021衆院,山口４区,constituency,安倍　晋三,あべ,しんぞう,9/21/54,67,60,65,男,自民党,前,10
289,2021衆院,沖縄４区,constituency,西銘恒三郎,にしめ,こうさぶろう,8/7/54,67,60,65,男,自民党,前,6
314,2021衆院,北関東,proportional,田所　嘉徳,たどころ,よしのり,1/19/54,67,60,65,男,自民党,現,4
349,2021衆院,南関東,proportional,志位　和夫,しい,かずお,7/29/54,67,60,65,男,共産党,現,10
417,2021衆院,近畿,proportional,盛山　正仁,もりやま,まさひと,12/14/53,67,60,65,男,自民党,現,5
17,2021衆院,岩手２区,constituency,鈴木　俊一,すずき,しゅんいち,4/13/53,68,60,65,男,自民党,前,10
22,2021衆院,宮城４区,constituency,伊藤信太郎,いとう,しんたろう,5/6/53,68,60,65,男,自民党,前,7
150,2021衆院,静岡１区,constituency,上川　陽子,かみかわ,ようこ,3/1/53,68,60,65,女,自民党,前,7
175,2021衆院,三重３区,constituency,岡田　克也,おかだ,かつや,7/14/53,68,60,65,男,立憲民主党,前,11
202,2021衆院,大阪16区,constituency,北側　一雄,きたがわ,かずお,3/2/53,68,60,65,男,公明党,前,10
361,2021衆院,東京,proportional,大河原雅子,おおかわら,まさこ,4/8/53,68,60,65,女,立憲民主党,現,2
46,2021衆院,栃木４区,constituency,佐藤　　勉,さとう,つとむ,6/20/52,69,60,65,男,自民党,前,9
63,2021衆院,埼玉11区,constituency,小泉　龍司,こいずみ,りゅうじ,9/17/52,69,60,65,男,自民党,前,7
65,2021衆院,埼玉13区,constituency,土屋　品子,つちや,しなこ,2/9/52,69,60,65,女,自民党,前,8
149,2021衆院,岐阜５区,constituency,古屋　圭司,ふるや,けいじ,11/1/52,69,60,65,男,自民党,前,11
210,2021衆院,兵庫５区,constituency,谷　　公一,たに,こういち,1/28/52,69,60,65,男,自民党,前,7
222,2021衆院,和歌山２区,constituency,石田　真敏,いしだ,まさとし,4/11/52,69,60,65,男,自民党,前,8
235,2021衆院,広島３区,constituency,斉藤　鉄夫,さいとう,てつお,2/5/52,69,60,65,男,公明党,前,10
250,2021衆院,愛媛２区,constituency,村上誠一郎,むらかみ,せいいちろう,5/11/52,69,60,65,男,自民党,前,12
366,2021衆院,東京,proportional,笠井　　亮,かさい,あきら,10/15/52,69,60,65,男,共産党,現,6
440,2021衆院,四国,proportional,山本　有二,やまもと,ゆうじ,5/11/52,69,60,65,男,自民党,現,11
32,2021衆院,福島２区,constituency,根本　　匠,ねもと,たくみ,3/7/51,70,70,70,男,自民党,前,9
274,2021衆院,熊本３区,constituency,坂本　哲志,さかもと,てつし,11/6/50,70,70,70,男,自民党,前,7
28,2021衆院,山形１区,constituency,遠藤　利明,えんどう,としあき,1/17/50,71,70,70,男,自民党,前,9
73,2021衆院,千葉６区,constituency,渡辺　博道,わたなべ,ひろみち,8/3/50,71,70,70,男,自民党,前,8
245,2021衆院,徳島２区,constituency,山口　俊一,やまぐち,しゅんいち,2/28/50,71,70,70,男,自民党,前,11
338,2021衆院,南関東,proportional,桜田　義孝,さくらだ,よしたか,12/20/49,71,70,70,男,自民党,現,8
384,2021衆院,東海,proportional,塩谷　　立,しおのや,りゅう,2/18/50,71,70,70,男,自民党,現,10
390,2021衆院,東海,proportional,中川　正春,なかがわ,まさはる,6/10/50,71,70,70,男,立憲民主党,現,9
430,2021衆院,中国,proportional,小島　敏文,こじま,としふみ,9/7/50,71,70,70,男,自民党,現,4
7,2021衆院,北海道７区,constituency,伊東　良孝,いとう,よしたか,11/24/48,72,70,70,男,自民党,前,5
82,2021衆院,神奈川２区,constituency,菅　　義偉,すが,よしひで,12/6/48,72,70,70,男,自民党,前,9
90,2021衆院,神奈川10区,constituency,田中　和徳,たなか,かずのり,1/21/49,72,70,70,男,自民党,前,9
302,2021衆院,東北,proportional,金田　勝年,かねだ,かつとし,10/4/49,72,70,70,男,自民党,現,5
319,2021衆院,北関東,proportional,中村喜四郎,なかむら,きしろう,4/10/49,72,70,70,男,立憲民主党,現,15
331,2021衆院,南関東,proportional,甘利　　明,あまり,あきら,8/27/49,72,70,70,男,自民党,現,13
360,2021衆院,東京,proportional,海江田万里,かいえだ,ばんり,2/26/49,72,70,70,男,立憲民主党,現,8
35,2021衆院,福島５区,constituency,吉野　正芳,よしの,まさよし,8/8/48,73,70,70,男,自民党,前,8
44,2021衆院,栃木２区,constituency,福田　昭夫,ふくだ,あきお,4/17/48,73,70,70,男,立憲民主党,前,6
78,2021衆院,千葉11区,constituency,森　　英介,もり,えいすけ,8/31/48,73,70,70,男,自民党,前,11
92,2021衆院,神奈川12区,constituency,阿部　知子,あべ,ともこ,4/24/48,73,70,70,女,立憲民主党,前,8
215,2021衆院,兵庫10区,constituency,渡海紀三朗,とかい,きさぶろう,2/11/48,73,70,70,男,自民党,前,10
234,2021衆院,広島２区,constituency,平口　　洋,ひらぐち,ひろし,8/1/48,73,70,70,男,自民党,前,5
286,2021衆院,沖縄１区,constituency,赤嶺　政賢,あかみね,せいけん,12/18/47,73,70,70,男,共産党,前,8
376,2021衆院,北陸・信越,proportional,篠原　　孝,しのはら,たかし,7/17/48,73,70,70,男,立憲民主党,現,7
77,2021衆院,千葉10区,constituency,林　　幹雄,はやし,もとお,1/3/47,74,70,70,男,自民党,前,10
168,2021衆院,愛知11区,constituency,八木　哲也,やぎ,てつや,8/10/47,74,70,70,男,自民党,前,4
271,2021衆院,長崎４区,constituency,北村　誠吾,きたむら,せいご,1/29/47,74,70,70,男,自民党,前,8
425,2021衆院,近畿,proportional,穀田　恵二,こくた,けいじ,1/11/47,74,70,70,男,共産党,現,10
446,2021衆院,九州,proportional,今村　雅弘,いまむら,まさひろ,1/5/47,74,70,70,男,自民党,現,9
116,2021衆院,東京16区,constituency,大西　英男,おおにし,ひでお,8/28/46,75,70,75,男,自民党,前,4
118,2021衆院,東京18区,constituency,菅　　直人,かん,なおと,10/10/46,75,70,75,男,立憲民主党,前,14
117,2021衆院,東京17区,constituency,平沢　勝栄,ひらさわ,かつえい,9/4/45,76,70,75,男,自民党,前,9
285,2021衆院,鹿児島４区,constituency,森山　　裕,もりやま,ひろし,4/8/45,76,70,75,男,自民党,前,7
37,2021衆院,茨城２区,constituency,額賀福志郎,ぬかが,ふくしろう,1/11/44,77,70,75,男,自民党,前,13
226,2021衆院,島根１区,constituency,細田　博之,ほそだ,ひろゆき,4/5/44,77,70,75,男,自民党,前,11
411,2021衆院,近畿,proportional,奥野　信亮,おくの,しんすけ,3/5/44,77,70,75,男,自民党,現,6
167,2021衆院,愛知10区,constituency,江崎　鉄磨,えさき,てつま,9/17/43,78,70,75,男,自民党,前,8
306,2021衆院,東北,proportional,小沢　一郎,おざわ,いちろう,5/24/42,79,70,75,男,立憲民主党,現,18
270,2021衆院,長崎３区,constituency,谷川　弥一,たにがわ,やいち,8/12/41,80,80,80,男,自民党,前,7
277,2021衆院,大分２区,constituency,衛藤征士郎,えとう,せいしろう,4/29/41,80,80,80,男,自民党,前,13
262,2021衆院,福岡８区,constituency,麻生　太郎,あそう,たろう,9/20/40,81,80,80,男,自民党,前,14
223,2021衆院,和歌山３区,constituency,二階　俊博,にかい,としひろ,2/17/39,82,80,80,男,自民党,前,13